rrc_lease_id,abstract_label
20649,A-36
12303,A-52
19299,A-186
21053,A-179
18971,A-177
15916,A-45
16029,A-426
21530,A-283
20429,A-265
17236,A-236
12318,A-35
294684,A-130
10127,A-482
15489,A-67
9821,A-112
20308,A-30
12471,A-7
12570,A-216
16986,A-247
17313,A-36
17121,A-230
18595,A-252
19179,A-155
296559,A-290
20309,A-517
291046,A-456
20292,A-261
20569,A-112
20554,A-261
20052,A-228
291714,A-9
20366,A-210
15249,A-474
21051,A-179
17425,A-30
19908,A-401
296598,A-26
292423,A-233
292561,A-228
18250,A-266
20339,A-30
16964,A-266
20601,A-426
19670,A-30
21435,A-244
21278,A-270
295967,A-474
20481,A-119
18051,A-228
21253,A-261
12704,A-374
20798,A-513
296444,A-290
20041,A-30
20348,A-30
296120,A-130
5411,A-60
16997,A-197
12013,A-466
12558,A-12
20403,A-177
21254,A-261
17483,A-354
20406,A-177
21277,A-270
298705,A-177
19907,A-401
20229,A-199
21048,A-179
16360,A-144
291705,A-9
20032,A-228
11844,A-26
294429,A-144
18909,A-266
293671,A-247
15845,A-9
17367,A-144
20494,A-67
20472,A-197
20475,A-197
20619,A-473
20632,A-518
17394,A-464
294028,A-321
10607,A-396
20915,A-4
16712,A-9
17051,A-177
17364,A-518
19982,A-177
291706,A-9
19658,A-30
16612,A-9
19952,A-396
21517,A-45
298703,A-177
19904,A-144
292455,A-266
21005,A-27
19966,A-45
20650,A-36
17402,A-136
20307,A-30
16475,A-1
292675,A-275
12520,A-4
15866,A-45
20029,A-30
12393,A-66
12458,A-474
20699,A-9
20721,A-9
21054,A-179
20762,A-41
21640,A-4
18336,A-112
20115,A-104
12424,A-89
16227,A-517
10561,A-29
19377,A-517
21399,A-358
17651,A-36
21433,A-244
12241,A-475
20230,A-199
12311,A-52
19474,A-177
19466,A-11
294956,A-146
20372,A-238
16365,A-244
12161,A-52
292373,A-1
20261,A-261
15938,A-45
20916,A-4
12803,A-9
19971,A-418
21276,A-270
21049,A-179
17033,A-177
21148,A-150
20284,A-277
21573,A-349
17329,A-99
20592,A-110
18019,A-454
21128,A-474
20102,A-473
20781,A-244
19796,A-301
20602,A-426
16995,A-69
20479,A-119
15965,A-517
18790,A-228
9032,A-88
21138,A-513
17465,A-69
20218,A-199
17171,A-247
12430,A-89
18201,A-177
298717,A-177
293618,A-247
296448,A-475
21050,A-179
21134,A-321
20652,A-36
12204,A-150
19799,A-301
19686,A-155
20317,A-30
20485,A-223
10274,A-21
16627,A-418
11310,A-271
20262,A-261
19465,A-11
19935,A-144
295616,A-289
12229,A-35
20631,A-518
18700,A-535
19622,A-356
17745,A-244
17307,A-36
12802,A-9
11882,A-96
294430,A-247
12429,A-89
20879,A-144
17468,A-223
21432,A-244
292688,A-233
16781,A-71
21352,A-358
18037,A-244
17766,A-369
292597,A-473
12556,A-12
20327,A-30
20042,A-30
19787,A-265
21023,A-112
20750,A-146
298716,A-177
291780,A-284
20297,A-137
19640,A-6
12709,A-374
20454,A-324
20596,A-110
12392,A-66
20751,A-146
12214,A-52
21366,A-11
17320,A-9
21136,A-79
19651,A-30
296078,A-130
16414,A-473
17423,A-30
19242,A-228
20371,A-238
15376,A-369
292378,A-426
19643,A-357
21397,A-11
20764,A-41
291704,A-9
291248,A-290
19382,A-155
19300,A-186
12530,A-387
20033,A-137
294737,A-9
20775,A-348
15789,A-67
287779,A-301
11997,A-4
292608,A-473
20476,A-197
16430,A-535
16929,A-30
19948,A-371
12443,A-7
12395,A-66
20568,A-112
15720,A-9
18609,A-144
12427,A-89
292508,A-266
292375,A-1
21108,A-144
19486,A-177
15641,A-27
16971,A-266
294879,A-130
15253,A-178
20698,A-9
21146,A-150
16030,A-177
291790,A-284
18675,A-146
20477,A-223
20100,A-41
21275,A-270
21129,A-474
292360,A-426
298718,A-177
12769,A-233
11968,A-485
172244,A-396
291778,A-473
291781,A-144
20116,A-104
11132,A-396
20708,A-49
20478,A-197
295940,A-517
293229,A-89
294925,A-144
21006,A-27
15394,A-268
20360,A-210
16667,A-374
20412,A-177
12685,A-474
18173,A-87
291237,A-280
17581,A-257
20774,A-348
15427,A-266
21369,A-11
21488,A-277
17381,A-177
21301,A-178
18353,A-112
20799,A-244
296838,A-459
20697,A-9
19906,A-401
18799,A-396
12809,A-9
18153,A-71
11673,A-540
20495,A-67
17496,A-245
17656,A-229
17536,A-4
20374,A-238
17160,A-36
21641,A-4
19789,A-265
16024,A-476
21543,A-283
18251,A-396
18970,A-177
17356,A-69
20034,A-137
17273,A-247
20058,A-277
20363,A-146
20692,A-341
19241,A-228
5502,A-193
12162,A-52
21143,A-79
19579,A-6
20488,A-9
12528,A-4
19707,A-6
10853,A-456
20401,A-177
20790,A-348
20880,A-144
19915,A-45
15918,A-178
17016,A-155
17054,A-444
15849,A-186
17437,A-4
12203,A-150
19899,A-144
12224,A-35
16973,A-110
20107,A-4
12250,A-35
13600,A-209
16258,A-189
15576,A-128
21156,A-247
16976,A-69
17286,A-210
20966,A-7
20827,A-186
20101,A-41
15453,A-228
12216,A-52
21579,A-266
20402,A-177
20024,A-228
20489,A-223
12667,A-346
18822,A-473
15402,A-369
15523,A-426
293933,A-321
19475,A-177
1705,A-307
17403,A-277
16122,A-270
21574,A-349
17382,A-374
297540,A-280
11642,A-474
19462,A-11
20553,A-261
18796,A-396
294683,A-130
21571,A-349
292541,A-233
18616,A-396
20005,A-45
20031,A-228
298704,A-177
21145,A-150
15920,A-473
12232,A-9
19176,A-155
17152,A-9
17084,A-229
16380,A-247
12827,A-245
12557,A-12
17245,A-21
20359,A-210
298822,A-155
17125,A-36
19673,A-6
10762,A-150
18086,A-228
20552,A-261
19347,A-286
291777,A-473
10731,A-271
16562,A-11
293937,A-321
20423,A-265
20763,A-41
19674,A-6
20558,A-27
20899,A-473
12855,A-423
16312,A-286
16910,A-46
12736,A-11
15652,A-46
296555,A-9
20220,A-261
15401,A-27
21107,A-144
20215,A-261
12693,A-474
19099,A-11
15258,A-462
19158,A-150
19644,A-357
15952,A-44
21436,A-244
19653,A-155
20993,A-432
18169,A-87
20428,A-265
17259,A-485
18873,A-11
291779,A-473
11999,A-60
18066,A-244
20103,A-41
21209,A-177
20898,A-473
10256,A-374
15930,A-44
17436,A-9
19664,A-155
17192,A-485
20409,A-177
17870,A-265
20773,A-348
20440,A-265
19991,A-268
17347,A-27
19817,A-137
20255,A-517
21403,A-4
12856,A-423
21359,A-358
19463,A-11
18346,A-112
293934,A-321
16082,A-474
20881,A-144
19384,A-155
11843,A-26
293620,A-247
19479,A-11
11685,A-280
15688,A-4
296357,A-199
17424,A-30
20325,A-261
19074,A-318
21595,A-45
12568,A-216
17244,A-416
16796,A-223
18705,A-473
16789,A-71
21004,A-27
21255,A-261
19902,A-519
17458,A-160
20453,A-324
11526,A-96
19447,A-11
16089,A-242
18643,A-368
20106,A-104
15272,A-443
21181,A-7
19363,A-421
17492,A-144
12201,A-150
20571,A-27
19581,A-373
291222,A-290
292374,A-1
20991,A-27
16107,A-289
12045,A-111
11671,A-540
20332,A-261
17326,A-518
19788,A-265
18874,A-518
20059,A-277
292676,A-275
20894,A-71
295613,A-289
20214,A-261
287780,A-301
15894,A-27
21411,A-99
28040,A-88
20296,A-137
15649,A-445
16255,A-517
10215,A-374
20486,A-223
21085,A-459
291808,A-6
17311,A-391
21406,A-4
12394,A-66
15976,A-71
19819,A-137
294726,A-517
19467,A-11
18992,A-11
15919,A-381
11189,A-386
12428,A-89
16891,A-395
9628,A-39
15509,A-474
20381,A-315
19244,A-233
12706,A-374
21016,A-88
16687,A-137
17482,A-69
16398,A-79
16965,A-180
21215,A-450
291245,A-280
16046,A-474
15494,A-473
16745,A-97
21153,A-336
12213,A-52
21216,A-450
16129,A-130
12991,A-223
15886,A-247
19607,A-356
20754,A-146
17353,A-36
17836,A-307
12202,A-150
18961,A-349
20452,A-41
15480,A-462
291146,A-233
21020,A-112
20749,A-49
21052,A-179
15497,A-4
296177,A-130
15567,A-450
20970,A-7
19905,A-519
295969,A-517
292601,A-473
18990,A-11
21256,A-261
294878,A-130
19270,A-380
15742,A-265
19933,A-210
174,A-535
21274,A-270
10046,A-324
14081,A-105
10888,A-378
21225,A-449
20344,A-36
297541,A-280
18031,A-27
12959,A-346
297756,A-280
19839,A-150
26574,A-109
292555,A-473
20386,A-315
11967,A-485
20570,A-112
18006,A-244
17237,A-236
296365,A-445
15450,A-270
17906,A-425
10476,A-52
288199,A-9
292528,A-11
12666,A-346
20293,A-137
297548,A-280
19107,A-228
297547,A-280
9837,A-56
15948,A-517
15217,A-22
17046,A-444
11525,A-96
21494,A-277
12313,A-35
19986,A-177
20223,A-199
19478,A-223
17874,A-265
21147,A-150
297543,A-280
16284,A-9
297932,A-474
20414,A-261
20630,A-518
15680,A-474
17206,A-71
21639,A-4
20768,A-247
20334,A-261
21555,A-100
20716,A-172
20350,A-36
21592,A-110
17359,A-6
15700,A-112
20333,A-261
20060,A-277
18211,A-87
16984,A-36
20651,A-36
20245,A-261
17077,A-178
9717,A-216
297931,A-280
13083,A-150
20851,A-71
17397,A-36
18342,A-119
15481,A-277
15861,A-45
20425,A-265
17104,A-36
19842,A-261
15273,A-495
20433,A-1
291143,A-280
21021,A-88
21405,A-4
17062,A-91
19378,A-517
15368,A-178
16967,A-31
20480,A-119
18972,A-177
18357,A-119
17106,A-36
19985,A-177
21155,A-143
21367,A-11
17097,A-229
292562,A-228
20430,A-1
12138,A-540
17103,A-79
10237,A-396
11670,A-233
15500,A-277
20497,A-67
13417,A-107
17342,A-41
297546,A-280
19795,A-265
19175,A-155
19392,A-517
20784,A-41
18996,A-11
15953,A-228
20580,A-354
16797,A-146
15442,A-189
20578,A-4
20362,A-146
18163,A-87
10423,A-52
12713,A-449
10629,A-4
15521,A-4
19813,A-137
296347,A-199
17282,A-278
17479,A-40
11998,A-4
20487,A-119
15934,A-280
17059,A-91
17856,A-41
14260,A-473
15914,A-266
12969,A-103
20424,A-265
12703,A-374
19431,A-184
16790,A-23
20595,A-354
20620,A-55
14245,A-473
16979,A-247
21368,A-11
21024,A-112
295615,A-289
10881,A-144
10773,A-374
20788,A-513
18156,A-257
17027,A-71
287965,A-346
20404,A-1
294432,A-11
17234,A-399
20556,A-27
296346,A-199
16665,A-247
20352,A-36
17903,A-268
21106,A-144
16247,A-425
7021,A-59
18634,A-23
20873,A-186
292567,A-473
19818,A-137
287777,A-301
17972,A-380
20037,A-137
12014,A-466
12859,A-423
21012,A-432
15328,A-462
17497,A-491
294725,A-517
19621,A-356
17226,A-12
17134,A-222
20361,A-146
295638,A-289
19087,A-11
16062,A-419
20795,A-247
17635,A-244
18024,A-244
16248,A-96
11830,A-280
9830,A-56
291708,A-247
15395,A-266
17314,A-79
17420,A-358
15466,A-41
20427,A-265
15737,A-45
15546,A-41
16053,A-445
9967,A-233
295632,A-289
18099,A-399
15704,A-45
21125,A-261
12575,A-450
21364,A-11
19155,A-104
19654,A-155
19426,A-155
21242,A-450
17005,A-29
21224,A-449
21154,A-336
21434,A-244
20882,A-144
16267,A-41
21659,A-266
20283,A-277
16222,A-110
11938,A-26
10367,A-245
295612,A-289
16001,A-376
291793,A-284
16266,A-41
16606,A-91
10198,A-474
291238,A-280
20997,A-137
21495,A-160
17288,A-223
21642,A-4
20294,A-137
20482,A-223
16156,A-432
17185,A-473
20432,A-1
17639,A-229
18030,A-27
21460,A-99
15322,A-112
17485,A-425
13629,A-37
291713,A-247
15278,A-186
294738,A-9
10034,A-144
19457,A-11
19803,A-223
16994,A-197
7453,A-23
20426,A-265
297542,A-280
10144,A-374
21351,A-358
20044,A-244
16505,A-132
21493,A-277
12705,A-374
28044,A-88
16050,A-244
20213,A-261
15773,A-45
20605,A-46
291759,A-6
20415,A-391
12597,A-104
17415,A-233
16093,A-172
19154,A-104
16298,A-374
11034,A-4
20693,A-341
21344,A-238
10628,A-4
19657,A-6
16599,A-354
17971,A-257
16825,A-11
17053,A-266
18347,A-46
17358,A-228
20413,A-261
16826,A-40
20496,A-67
17640,A-324
294727,A-9
20778,A-172
16099,A-110
10814,A-501
11887,A-96
18004,A-265
20110,A-4
20458,A-336
10745,A-305
20483,A-223
16362,A-288
18212,A-473
15293,A-369
297936,A-474
16075,A-99
17585,A-380
16331,A-202
21126,A-261
10365,A-245
21489,A-238
16005,A-71
17626,A-150
20755,A-146
15349,A-144
20767,A-247
15568,A-369
16006,A-71
20154,A-99
15549,A-1
21158,A-247
20459,A-336
16084,A-473
20484,A-223
16436,A-373
15656,A-185
15397,A-356
21365,A-11
17102,A-301
15464,A-1
10776,A-290
18867,A-178
16330,A-110
298820,A-155
16941,A-110
21412,A-435
16341,A-230
17129,A-172
20724,A-172
17473,A-261
15702,A-144
17444,A-97
20065,A-71
19811,A-517
17863,A-352
19073,A-182
10481,A-1
11880,A-96
17308,A-420
17318,A-36
17396,A-199
16862,A-223
291144,A-280
17065,A-143
12714,A-449
17280,A-474
20289,A-196
19962,A-88
10529,A-324
10815,A-540
16820,A-233
17041,A-399
11740,A-30
17815,A-146
16810,A-40
19620,A-356
7041,A-306
16245,A-399
19218,A-334
11665,A-233
20395,A-391
17613,A-87
21217,A-450
17537,A-4
20431,A-1
19650,A-155
26572,A-268
11527,A-96
17510,A-286
9941,A-25
17445,A-244
20584,A-354
15888,A-228
16691,A-223
20285,A-277
9193,A-482
20994,A-137
10705,A-550
291795,A-373
17968,A-112
17982,A-25
18831,A-37
17221,A-12
17008,A-284
11090,A-109
13543,A-177
19048,A-37
15380,A-4
20094,A-99
291736,A-247
17404,A-36
17333,A-470
16275,A-74
10250,A-233
17475,A-448
16692,A-223
16774,A-233
16854,A-132
13418,A-209
17240,A-229
17315,A-79
21149,A-247
7939,A-87
15889,A-289
21010,A-46
17940,A-146
295631,A-289
21481,A-104
12690,A-380
16351,A-79
20794,A-247
17432,A-75
298677,A-358
16483,A-29
11528,A-96
16605,A-356
11687,A-111
21000,A-230
18316,A-46
296348,A-459
21491,A-37
15618,A-162
17636,A-58
10458,A-474
13423,A-230
17279,A-277
13843,A-421
18157,A-37
15653,A-10
16969,A-31
8546,A-482
18062,A-399
17334,A-470
13778,A-37
16124,A-49
294431,A-1
18180,A-202
16991,A-373
18174,A-399
296475,A-459
20995,A-137
14299,A-473
16737,A-229
12998,A-261
15504,A-41
16837,A-352
16476,A-40
16813,A-356
10405,A-9
17514,A-55
20996,A-137
17085,A-229
5026,A-55
17588,A-223
12947,A-71
18261,A-396
20405,A-391
11529,A-96
15517,A-157
14298,A-473
17366,A-27
291249,A-301
15705,A-4
17165,A-96
17083,A-229
16449,A-473
13832,A-261
18167,A-399
20654,A-36
17162,A-87
11563,A-96
294955,A-146
7403,A-425
19833,A-223
15321,A-1
17460,A-222
17574,A-112
15726,A-288
27218,A-54
5707,A-104
16174,A-110
18194,A-399
19860,A-23
15524,A-211
10875,A-66
16693,A-307
21046,A-357
16757,A-40
15996,A-464
17122,A-230
16131,A-465
20043,A-30
10121,A-144
20590,A-105
18032,A-252
296363,A-445
6531,A-60
16860,A-229
16259,A-4
16779,A-325
20884,A-237
15646,A-252
18152,A-257
12146,A-357
16179,A-315
13241,A-337
16048,A-266
12139,A-540
16987,A-29
26570,A-240
4864,A-87
10588,A-96
15451,A-206
15973,A-228
18620,A-38
13193,A-228
17074,A-352
17388,A-452
144639,A-396
16538,A-252
13438,A-230
12466,A-55
298721,A-177
6829,A-252
19043,A-37
17918,A-59
11881,A-96
296362,A-445
15114,A-37
17560,A-79
17032,A-87
21307,A-178
16938,A-229
17975,A-222
16631,A-399
12567,A-450
20719,A-49
17853,A-111
296476,A-459
18000,A-399
15907,A-261
16703,A-336
17233,A-416
26635,A-109
16835,A-336
17754,A-425
16142,A-229
20985,A-55
17804,A-257
13359,A-238
7013,A-362
17064,A-87
18162,A-399
17090,A-464
12996,A-261
12220,A-35
21027,A-25
20680,A-471
18569,A-252
16942,A-399
17965,A-23
10393,A-346
10487,A-1
16586,A-252
16931,A-158
